density,global_efficiency,largest_scc
0.311711079943899,0.7643758765778401,29
